bucket,mv,pnl,pnl_rates,pnl_spread,dv01,cs01,pnl_pct
IG,2500000.0,-358170.0,91800.0,-449970.0,1590.0,1590.0,-0.143268
HY,800000.0,-188415.99999999997,18624.0,-207039.99999999997,320.0,320.0,-0.23551999999999995
UST,2000000.0,75120.0,75120.0,0.0,1300.0,0.0,0.03756
