asset,bucket,mv,pnl_rates,pnl_spread,pnl,dv01,cs01,dy_bp,ds_bp
UST_7y,UST,2000000.0,75120.0,-0.0,75120.0,1300.0,0.0,-60.0,0.0
IG_Bond_A,IG,1500000.0,50310.0,-246209.99999999997,-195899.99999999997,870.0,870.0,-60.0,283.0
IG_Bond_B,IG,1000000.0,41490.0,-203760.0,-162270.0,720.0,720.0,-60.0,283.0
HY_Bond_C,HY,800000.0,18624.0,-207039.99999999997,-188415.99999999997,320.0,320.0,-60.0,647.0
